Source;Target;Type;Id;Label;Weight
224;180;Directed;;;
170;154;Directed;;;
38;108;Directed;;;
54;31;Directed;;;
170;163;Directed;;;
79;63;Directed;;;
108;133;Directed;;;
163;133;Directed;;;
35;133;Directed;;;
22;105;Directed;;;
198;87;Directed;;;
180;170;Directed;;;
105;54;Directed;;;
154;38;Directed;;;
198;105;Directed;;;
191;133;Directed;;;
133;198;Directed;;;
133;79;Directed;;;
105;133;Directed;;;
191;221;Directed;;;
105;35;Directed;;;
133;170;Directed;;;
105;224;Directed;;;
35;22;Directed;;;
89;191;Directed;;;
63;35;Directed;;;
3;133;Directed;;;
31;36;Directed;;;
35;3;Directed;;;
36;35;Directed;;;
105;89;Directed;;;
221;105;Directed;;;
89;178;Directed;;;
89;133;Directed;;;
133;198;Directed;;;
198;89;Directed;;;
178;221;Directed;;;
221;89;Directed;;;
80;149;Directed;;;
31;149;Directed;;;
31;129;Directed;;;
31;13;Directed;;;
13;129;Directed;;;
105;80;Directed;;;
198;105;Directed;;;
129;80;Directed;;;
149;31;Directed;;;
129;198;Directed;;;
108;170;Directed;;;
28;125;Directed;;;
170;35;Directed;;;
165;133;Directed;;;
163;133;Directed;;;
207;105;Directed;;;
157;28;Directed;;;
35;133;Directed;;;
61;170;Directed;;;
176;221;Directed;;;
198;105;Directed;;;
19;112;Directed;;;
133;198;Directed;;;
200;105;Directed;;;
170;165;Directed;;;
105;133;Directed;;;
125;105;Directed;;;
105;35;Directed;;;
35;19;Directed;;;
105;157;Directed;;;
105;163;Directed;;;
105;108;Directed;;;
105;233;Directed;;;
233;95;Directed;;;
111;133;Directed;;;
133;200;Directed;;;
176;61;Directed;;;
95;176;Directed;;;
221;105;Directed;;;
133;233;Directed;;;
133;111;Directed;;;
112;207;Directed;;;
174;142;Directed;;;
57;170;Directed;;;
133;19;Directed;;;
19;198;Directed;;;
108;133;Directed;;;
198;133;Directed;;;
84;172;Directed;;;
35;133;Directed;;;
89;174;Directed;;;
198;84;Directed;;;
198;87;Directed;;;
198;105;Directed;;;
35;108;Directed;;;
133;198;Directed;;;
198;172;Directed;;;
170;3;Directed;;;
172;3;Directed;;;
105;35;Directed;;;
188;57;Directed;;;
87;188;Directed;;;
233;89;Directed;;;
87;133;Directed;;;
3;133;Directed;;;
142;35;Directed;;;
87;233;Directed;;;
84;14;Directed;;;
84;35;Directed;;;
133;205;Directed;;;
84;163;Directed;;;
176;133;Directed;;;
205;84;Directed;;;
163;133;Directed;;;
129;198;Directed;;;
198;84;Directed;;;
187;84;Directed;;;
84;187;Directed;;;
200;84;Directed;;;
84;89;Directed;;;
133;198;Directed;;;
35;111;Directed;;;
35;129;Directed;;;
76;142;Directed;;;
89;176;Directed;;;
84;198;Directed;;;
111;200;Directed;;;
14;133;Directed;;;
142;35;Directed;;;
198;76;Directed;;;
198;201;Directed;;;
201;84;Directed;;;
102;178;Directed;;;
22;133;Directed;;;
198;170;Directed;;;
84;233;Directed;;;
84;181;Directed;;;
57;188;Directed;;;
35;133;Directed;;;
198;84;Directed;;;
178;200;Directed;;;
89;186;Directed;;;
188;61;Directed;;;
234;89;Directed;;;
198;105;Directed;;;
200;102;Directed;;;
133;198;Directed;;;
105;191;Directed;;;
170;3;Directed;;;
105;35;Directed;;;
153;234;Directed;;;
191;105;Directed;;;
188;57;Directed;;;
200;22;Directed;;;
89;188;Directed;;;
233;89;Directed;;;
188;133;Directed;;;
190;188;Directed;;;
133;200;Directed;;;
3;133;Directed;;;
186;190;Directed;;;
181;84;Directed;;;
61;153;Directed;;;
133;105;Directed;;;
89;178;Directed;;;
133;129;Directed;;;
84;142;Directed;;;
108;112;Directed;;;
84;163;Directed;;;
19;198;Directed;;;
108;133;Directed;;;
163;133;Directed;;;
176;84;Directed;;;
142;3;Directed;;;
84;129;Directed;;;
112;84;Directed;;;
200;142;Directed;;;
31;181;Directed;;;
200;84;Directed;;;
198;87;Directed;;;
84;19;Directed;;;
108;230;Directed;;;
35;108;Directed;;;
84;31;Directed;;;
178;108;Directed;;;
129;200;Directed;;;
129;84;Directed;;;
198;89;Directed;;;
133;200;Directed;;;
3;133;Directed;;;
133;84;Directed;;;
108;198;Directed;;;
57;3;Directed;;;
230;108;Directed;;;
84;57;Directed;;;
84;176;Directed;;;
3;108;Directed;;;
181;35;Directed;;;
57;152;Directed;;;
5;129;Directed;;;
207;84;Directed;;;
84;35;Directed;;;
3;19;Directed;;;
189;57;Directed;;;
84;163;Directed;;;
152;102;Directed;;;
19;198;Directed;;;
198;133;Directed;;;
163;133;Directed;;;
198;84;Directed;;;
187;84;Directed;;;
84;187;Directed;;;
84;19;Directed;;;
58;3;Directed;;;
102;189;Directed;;;
133;198;Directed;;;
133;207;Directed;;;
191;84;Directed;;;
19;87;Directed;;;
19;84;Directed;;;
35;19;Directed;;;
84;3;Directed;;;
188;57;Directed;;;
102;188;Directed;;;
5;133;Directed;;;
57;58;Directed;;;
129;187;Directed;;;
108;198;Directed;;;
163;198;Directed;;;
187;198;Directed;;;
3;108;Directed;;;
84;188;Directed;;;
84;5;Directed;;;
84;191;Directed;;;
191;3;Directed;;;
31;142;Directed;;;
3;129;Directed;;;
176;170;Directed;;;
111;199;Directed;;;
170;154;Directed;;;
191;198;Directed;;;
142;31;Directed;;;
154;133;Directed;;;
31;111;Directed;;;
121;133;Directed;;;
35;133;Directed;;;
198;84;Directed;;;
176;84;Directed;;;
198;142;Directed;;;
198;87;Directed;;;
87;3;Directed;;;
198;105;Directed;;;
105;121;Directed;;;
133;198;Directed;;;
199;198;Directed;;;
198;129;Directed;;;
105;233;Directed;;;
84;198;Directed;;;
233;89;Directed;;;
89;191;Directed;;;
3;133;Directed;;;
87;35;Directed;;;
80;142;Directed;;;
129;80;Directed;;;
142;233;Directed;;;
84;176;Directed;;;
31;176;Directed;;;
19;133;Directed;;;
198;213;Directed;;;
87;233;Directed;;;
233;89;Directed;;;
198;87;Directed;;;
105;164;Directed;;;
170;35;Directed;;;
198;170;Directed;;;
213;191;Directed;;;
188;57;Directed;;;
164;19;Directed;;;
191;188;Directed;;;
35;108;Directed;;;
133;198;Directed;;;
108;133;Directed;;;
57;105;Directed;;;
89;191;Directed;;;
19;113;Directed;;;
123;213;Directed;;;
113;224;Directed;;;
133;80;Directed;;;
164;113;Directed;;;
170;163;Directed;;;
178;170;Directed;;;
61;12;Directed;;;
113;123;Directed;;;
163;133;Directed;;;
35;133;Directed;;;
224;45;Directed;;;
128;123;Directed;;;
200;87;Directed;;;
198;105;Directed;;;
217;82;Directed;;;
133;12;Directed;;;
133;198;Directed;;;
51;61;Directed;;;
160;84;Directed;;;
87;164;Directed;;;
87;170;Directed;;;
82;128;Directed;;;
69;164;Directed;;;
188;69;Directed;;;
214;51;Directed;;;
123;217;Directed;;;
45;188;Directed;;;
12;133;Directed;;;
105;178;Directed;;;
133;200;Directed;;;
113;164;Directed;;;
80;142;Directed;;;
142;35;Directed;;;
14;87;Directed;;;
213;214;Directed;;;
164;19;Directed;;;
12;160;Directed;;;
170;14;Directed;;;
172;14;Directed;;;
146;35;Directed;;;
198;170;Directed;;;
57;170;Directed;;;
207;84;Directed;;;
84;154;Directed;;;
170;163;Directed;;;
31;224;Directed;;;
205;84;Directed;;;
163;133;Directed;;;
157;159;Directed;;;
102;37;Directed;;;
198;84;Directed;;;
28;182;Directed;;;
133;198;Directed;;;
182;69;Directed;;;
224;191;Directed;;;
37;133;Directed;;;
22;205;Directed;;;
133;207;Directed;;;
133;146;Directed;;;
19;133;Directed;;;
170;3;Directed;;;
198;22;Directed;;;
154;28;Directed;;;
159;18;Directed;;;
191;172;Directed;;;
133;57;Directed;;;
35;31;Directed;;;
188;69;Directed;;;
14;133;Directed;;;
3;133;Directed;;;
84;164;Directed;;;
188;102;Directed;;;
164;19;Directed;;;
69;154;Directed;;;
154;18;Directed;;;
69;157;Directed;;;
18;188;Directed;;;
165;164;Directed;;;
170;154;Directed;;;
57;170;Directed;;;
19;125;Directed;;;
154;133;Directed;;;
133;116;Directed;;;
191;57;Directed;;;
116;170;Directed;;;
135;116;Directed;;;
125;87;Directed;;;
116;87;Directed;;;
188;57;Directed;;;
57;153;Directed;;;
116;233;Directed;;;
87;188;Directed;;;
233;89;Directed;;;
89;191;Directed;;;
57;165;Directed;;;
125;135;Directed;;;
108;125;Directed;;;
153;108;Directed;;;
164;19;Directed;;;
198;200;Directed;;;
191;187;Directed;;;
198;84;Directed;;;
187;84;Directed;;;
79;142;Directed;;;
200;84;Directed;;;
142;35;Directed;;;
89;191;Directed;;;
35;108;Directed;;;
84;163;Directed;;;
84;79;Directed;;;
133;198;Directed;;;
198;233;Directed;;;
108;133;Directed;;;
233;89;Directed;;;
163;133;Directed;;;
205;170;Directed;;;
170;35;Directed;;;
198;170;Directed;;;
84;35;Directed;;;
133;80;Directed;;;
35;170;Directed;;;
133;205;Directed;;;
207;87;Directed;;;
80;150;Directed;;;
205;84;Directed;;;
185;224;Directed;;;
35;133;Directed;;;
224;45;Directed;;;
198;84;Directed;;;
142;3;Directed;;;
87;55;Directed;;;
43;88;Directed;;;
150;31;Directed;;;
123;224;Directed;;;
133;198;Directed;;;
45;140;Directed;;;
140;185;Directed;;;
164;133;Directed;;;
87;225;Directed;;;
26;123;Directed;;;
55;43;Directed;;;
198;205;Directed;;;
137;198;Directed;;;
14;133;Directed;;;
170;164;Directed;;;
225;45;Directed;;;
45;142;Directed;;;
45;26;Directed;;;
3;133;Directed;;;
31;36;Directed;;;
36;35;Directed;;;
205;207;Directed;;;
35;137;Directed;;;
170;14;Directed;;;
80;149;Directed;;;
188;100;Directed;;;
149;32;Directed;;;
46;100;Directed;;;
32;225;Directed;;;
72;80;Directed;;;
225;188;Directed;;;
230;72;Directed;;;
168;230;Directed;;;
100;46;Directed;;;
133;129;Directed;;;
113;105;Directed;;;
150;35;Directed;;;
80;150;Directed;;;
198;133;Directed;;;
198;105;Directed;;;
105;188;Directed;;;
133;198;Directed;;;
105;133;Directed;;;
170;3;Directed;;;
45;170;Directed;;;
188;57;Directed;;;
105;102;Directed;;;
35;31;Directed;;;
108;113;Directed;;;
57;165;Directed;;;
3;133;Directed;;;
225;45;Directed;;;
31;225;Directed;;;
129;80;Directed;;;
165;198;Directed;;;
102;108;Directed;;;
103;182;Directed;;;
13;14;Directed;;;
39;137;Directed;;;
115;103;Directed;;;
144;39;Directed;;;
7;132;Directed;;;
73;13;Directed;;;
14;132;Directed;;;
137;115;Directed;;;
132;144;Directed;;;
137;73;Directed;;;
72;7;Directed;;;
13;137;Directed;;;
182;72;Directed;;;
3;129;Directed;;;
207;84;Directed;;;
140;122;Directed;;;
140;3;Directed;;;
84;108;Directed;;;
108;133;Directed;;;
224;45;Directed;;;
198;84;Directed;;;
142;3;Directed;;;
191;45;Directed;;;
200;93;Directed;;;
133;198;Directed;;;
45;140;Directed;;;
164;170;Directed;;;
133;207;Directed;;;
129;133;Directed;;;
14;111;Directed;;;
133;164;Directed;;;
84;3;Directed;;;
84;140;Directed;;;
111;200;Directed;;;
122;224;Directed;;;
111;133;Directed;;;
45;142;Directed;;;
93;191;Directed;;;
3;111;Directed;;;
170;14;Directed;;;
84;133;Directed;;;
198;225;Directed;;;
163;170;Directed;;;
238;148;Directed;;;
198;170;Directed;;;
207;84;Directed;;;
170;163;Directed;;;
84;233;Directed;;;
192;111;Directed;;;
198;84;Directed;;;
111;238;Directed;;;
14;110;Directed;;;
191;176;Directed;;;
176;35;Directed;;;
233;93;Directed;;;
133;198;Directed;;;
188;198;Directed;;;
35;111;Directed;;;
133;207;Directed;;;
93;192;Directed;;;
111;233;Directed;;;
133;170;Directed;;;
188;170;Directed;;;
170;12;Directed;;;
12;133;Directed;;;
111;133;Directed;;;
110;198;Directed;;;
14;133;Directed;;;
93;191;Directed;;;
170;188;Directed;;;
225;188;Directed;;;
148;35;Directed;;;
170;14;Directed;;;
102;178;Directed;;;
198;106;Directed;;;
170;154;Directed;;;
198;170;Directed;;;
102;135;Directed;;;
207;87;Directed;;;
154;133;Directed;;;
198;133;Directed;;;
129;198;Directed;;;
178;72;Directed;;;
198;84;Directed;;;
106;129;Directed;;;
72;69;Directed;;;
198;102;Directed;;;
87;198;Directed;;;
198;105;Directed;;;
133;198;Directed;;;
135;198;Directed;;;
133;207;Directed;;;
105;133;Directed;;;
154;28;Directed;;;
105;102;Directed;;;
28;135;Directed;;;
207;170;Directed;;;
69;154;Directed;;;
35;30;Directed;;;
84;200;Directed;;;
198;133;Directed;;;
90;191;Directed;;;
84;120;Directed;;;
198;84;Directed;;;
87;186;Directed;;;
198;87;Directed;;;
200;84;Directed;;;
191;176;Directed;;;
120;198;Directed;;;
133;198;Directed;;;
198;233;Directed;;;
30;133;Directed;;;
61;35;Directed;;;
186;84;Directed;;;
84;198;Directed;;;
233;89;Directed;;;
198;229;Directed;;;
133;200;Directed;;;
89;90;Directed;;;
176;61;Directed;;;
229;198;Directed;;;
121;198;Directed;;;
84;121;Directed;;;
129;162;Directed;;;
89;178;Directed;;;
89;129;Directed;;;
3;129;Directed;;;
230;89;Directed;;;
129;198;Directed;;;
89;168;Directed;;;
178;84;Directed;;;
89;3;Directed;;;
168;3;Directed;;;
198;108;Directed;;;
230;213;Directed;;;
90;178;Directed;;;
84;3;Directed;;;
198;89;Directed;;;
213;178;Directed;;;
178;89;Directed;;;
89;90;Directed;;;
108;198;Directed;;;
162;89;Directed;;;
89;230;Directed;;;
84;133;Directed;;;
174;84;Directed;;;
84;105;Directed;;;
35;112;Directed;;;
129;134;Directed;;;
198;133;Directed;;;
176;133;Directed;;;
224;45;Directed;;;
198;84;Directed;;;
105;176;Directed;;;
198;105;Directed;;;
87;140;Directed;;;
134;133;Directed;;;
133;198;Directed;;;
105;133;Directed;;;
198;129;Directed;;;
105;87;Directed;;;
45;173;Directed;;;
237;35;Directed;;;
112;205;Directed;;;
140;224;Directed;;;
205;174;Directed;;;
133;84;Directed;;;
87;105;Directed;;;
173;141;Directed;;;
141;237;Directed;;;
25;35;Directed;;;
191;186;Directed;;;
3;129;Directed;;;
207;84;Directed;;;
170;224;Directed;;;
55;87;Directed;;;
84;163;Directed;;;
225;47;Directed;;;
198;133;Directed;;;
163;133;Directed;;;
84;230;Directed;;;
90;191;Directed;;;
45;168;Directed;;;
198;84;Directed;;;
35;197;Directed;;;
168;171;Directed;;;
200;84;Directed;;;
171;170;Directed;;;
133;198;Directed;;;
5;3;Directed;;;
129;240;Directed;;;
35;111;Directed;;;
198;129;Directed;;;
105;90;Directed;;;
84;55;Directed;;;
47;45;Directed;;;
186;84;Directed;;;
111;240;Directed;;;
230;5;Directed;;;
224;47;Directed;;;
168;170;Directed;;;
197;35;Directed;;;
84;198;Directed;;;
129;47;Directed;;;
133;200;Directed;;;
45;197;Directed;;;
240;207;Directed;;;
170;225;Directed;;;
84;45;Directed;;;
45;105;Directed;;;
197;25;Directed;;;
105;110;Directed;;;
133;120;Directed;;;
25;35;Directed;;;
172;14;Directed;;;
110;133;Directed;;;
203;105;Directed;;;
133;150;Directed;;;
108;188;Directed;;;
108;133;Directed;;;
185;224;Directed;;;
224;45;Directed;;;
198;203;Directed;;;
198;87;Directed;;;
105;225;Directed;;;
133;186;Directed;;;
188;61;Directed;;;
52;173;Directed;;;
123;224;Directed;;;
133;198;Directed;;;
35;108;Directed;;;
198;172;Directed;;;
173;185;Directed;;;
57;105;Directed;;;
45;140;Directed;;;
140;185;Directed;;;
186;57;Directed;;;
225;52;Directed;;;
150;3;Directed;;;
125;105;Directed;;;
105;35;Directed;;;
188;57;Directed;;;
45;237;Directed;;;
61;108;Directed;;;
14;112;Directed;;;
133;188;Directed;;;
3;14;Directed;;;
14;133;Directed;;;
140;123;Directed;;;
108;198;Directed;;;
112;125;Directed;;;
120;108;Directed;;;
237;25;Directed;;;
172;14;Directed;;;
205;170;Directed;;;
170;35;Directed;;;
198;170;Directed;;;
150;35;Directed;;;
142;34;Directed;;;
133;205;Directed;;;
105;198;Directed;;;
84;172;Directed;;;
181;80;Directed;;;
207;105;Directed;;;
35;191;Directed;;;
35;133;Directed;;;
198;84;Directed;;;
125;106;Directed;;;
205;105;Directed;;;
133;125;Directed;;;
191;133;Directed;;;
133;198;Directed;;;
133;207;Directed;;;
225;52;Directed;;;
105;133;Directed;;;
105;142;Directed;;;
34;225;Directed;;;
105;172;Directed;;;
105;181;Directed;;;
14;133;Directed;;;
80;142;Directed;;;
142;105;Directed;;;
52;150;Directed;;;
74;226;Directed;;;
86;191;Directed;;;
34;181;Directed;;;
226;52;Directed;;;
146;142;Directed;;;
150;35;Directed;;;
39;225;Directed;;;
191;146;Directed;;;
181;150;Directed;;;
31;236;Directed;;;
192;74;Directed;;;
31;181;Directed;;;
181;52;Directed;;;
225;86;Directed;;;
150;31;Directed;;;
236;95;Directed;;;
52;173;Directed;;;
155;79;Directed;;;
143;31;Directed;;;
112;236;Directed;;;
41;69;Directed;;;
35;178;Directed;;;
142;39;Directed;;;
78;39;Directed;;;
35;181;Directed;;;
69;155;Directed;;;
181;143;Directed;;;
39;178;Directed;;;
181;39;Directed;;;
173;41;Directed;;;
95;192;Directed;;;
225;79;Directed;;;
178;34;Directed;;;
52;181;Directed;;;
192;112;Directed;;;
143;36;Directed;;;
143;39;Directed;;;
79;143;Directed;;;
146;78;Directed;;;
79;146;Directed;;;
3;133;Directed;;;
31;133;Directed;;;
191;80;Directed;;;
80;142;Directed;;;
198;105;Directed;;;
31;80;Directed;;;
142;31;Directed;;;
31;3;Directed;;;
133;198;Directed;;;
105;191;Directed;;;
105;116;Directed;;;
105;125;Directed;;;
115;105;Directed;;;
108;133;Directed;;;
170;10;Directed;;;
133;116;Directed;;;
61;170;Directed;;;
133;61;Directed;;;
105;115;Directed;;;
133;204;Directed;;;
10;133;Directed;;;
133;115;Directed;;;
116;105;Directed;;;
204;105;Directed;;;
105;108;Directed;;;
12;133;Directed;;;
125;217;Directed;;;
123;12;Directed;;;
217;123;Directed;;;
172;14;Directed;;;
207;133;Directed;;;
53;133;Directed;;;
133;187;Directed;;;
84;35;Directed;;;
207;87;Directed;;;
84;163;Directed;;;
163;133;Directed;;;
207;105;Directed;;;
129;207;Directed;;;
35;133;Directed;;;
187;84;Directed;;;
198;105;Directed;;;
133;198;Directed;;;
133;207;Directed;;;
163;129;Directed;;;
105;84;Directed;;;
105;172;Directed;;;
53;131;Directed;;;
131;53;Directed;;;
14;133;Directed;;;
133;53;Directed;;;
133;187;Directed;;;
198;170;Directed;;;
142;162;Directed;;;
170;178;Directed;;;
178;133;Directed;;;
233;133;Directed;;;
35;133;Directed;;;
198;87;Directed;;;
191;170;Directed;;;
198;105;Directed;;;
187;105;Directed;;;
133;198;Directed;;;
105;191;Directed;;;
162;133;Directed;;;
105;142;Directed;;;
170;3;Directed;;;
105;35;Directed;;;
3;133;Directed;;;
133;233;Directed;;;
84;133;Directed;;;
52;168;Directed;;;
31;84;Directed;;;
174;84;Directed;;;
84;35;Directed;;;
205;133;Directed;;;
133;205;Directed;;;
84;163;Directed;;;
198;133;Directed;;;
205;84;Directed;;;
163;133;Directed;;;
168;34;Directed;;;
108;84;Directed;;;
35;133;Directed;;;
45;168;Directed;;;
34;168;Directed;;;
176;84;Directed;;;
198;84;Directed;;;
168;52;Directed;;;
205;35;Directed;;;
35;84;Directed;;;
24;35;Directed;;;
35;137;Directed;;;
84;205;Directed;;;
35;108;Directed;;;
133;198;Directed;;;
84;31;Directed;;;
84;174;Directed;;;
84;186;Directed;;;
186;84;Directed;;;
137;198;Directed;;;
84;24;Directed;;;
168;133;Directed;;;
225;45;Directed;;;
84;225;Directed;;;
84;176;Directed;;;
35;143;Directed;;;
146;35;Directed;;;
108;237;Directed;;;
133;80;Directed;;;
84;35;Directed;;;
150;35;Directed;;;
80;150;Directed;;;
89;92;Directed;;;
237;198;Directed;;;
143;35;Directed;;;
207;105;Directed;;;
105;149;Directed;;;
35;133;Directed;;;
198;84;Directed;;;
191;170;Directed;;;
92;176;Directed;;;
198;105;Directed;;;
35;108;Directed;;;
133;198;Directed;;;
105;191;Directed;;;
133;207;Directed;;;
80;146;Directed;;;
170;3;Directed;;;
172;3;Directed;;;
149;35;Directed;;;
176;80;Directed;;;
35;19;Directed;;;
191;172;Directed;;;
19;105;Directed;;;
3;133;Directed;;;
133;84;Directed;;;
105;89;Directed;;;
157;111;Directed;;;
172;14;Directed;;;
115;87;Directed;;;
93;117;Directed;;;
233;97;Directed;;;
117;93;Directed;;;
84;35;Directed;;;
174;93;Directed;;;
84;163;Directed;;;
35;127;Directed;;;
84;172;Directed;;;
198;133;Directed;;;
163;133;Directed;;;
174;108;Directed;;;
35;133;Directed;;;
89;174;Directed;;;
198;84;Directed;;;
108;35;Directed;;;
93;174;Directed;;;
84;19;Directed;;;
84;89;Directed;;;
111;198;Directed;;;
133;198;Directed;;;
97;89;Directed;;;
19;133;Directed;;;
133;115;Directed;;;
137;198;Directed;;;
127;108;Directed;;;
14;133;Directed;;;
133;84;Directed;;;
133;157;Directed;;;
108;198;Directed;;;
14;84;Directed;;;
89;233;Directed;;;
198;137;Directed;;;
29;142;Directed;;;
31;142;Directed;;;
142;80;Directed;;;
3;129;Directed;;;
0;2;Directed;;;
142;31;Directed;;;
0;142;Directed;;;
2;142;Directed;;;
3;107;Directed;;;
0;29;Directed;;;
142;0;Directed;;;
174;31;Directed;;;
0;65;Directed;;;
31;174;Directed;;;
65;142;Directed;;;
31;0;Directed;;;
31;3;Directed;;;
142;29;Directed;;;
107;178;Directed;;;
80;142;Directed;;;
0;3;Directed;;;
178;0;Directed;;;
129;31;Directed;;;
53;133;Directed;;;
87;89;Directed;;;
3;129;Directed;;;
84;35;Directed;;;
133;205;Directed;;;
84;163;Directed;;;
198;133;Directed;;;
205;84;Directed;;;
163;133;Directed;;;
35;133;Directed;;;
198;84;Directed;;;
174;187;Directed;;;
187;87;Directed;;;
198;105;Directed;;;
133;198;Directed;;;
135;198;Directed;;;
198;129;Directed;;;
84;174;Directed;;;
105;87;Directed;;;
172;3;Directed;;;
84;3;Directed;;;
53;131;Directed;;;
129;53;Directed;;;
131;53;Directed;;;
3;133;Directed;;;
129;135;Directed;;;
57;3;Directed;;;
84;57;Directed;;;
89;172;Directed;;;
174;142;Directed;;;
35;225;Directed;;;
35;170;Directed;;;
84;35;Directed;;;
3;135;Directed;;;
31;35;Directed;;;
105;198;Directed;;;
229;133;Directed;;;
35;133;Directed;;;
224;45;Directed;;;
89;174;Directed;;;
187;84;Directed;;;
57;84;Directed;;;
198;84;Directed;;;
198;87;Directed;;;
187;87;Directed;;;
135;174;Directed;;;
229;224;Directed;;;
170;89;Directed;;;
187;105;Directed;;;
198;105;Directed;;;
123;224;Directed;;;
133;198;Directed;;;
45;140;Directed;;;
57;105;Directed;;;
198;172;Directed;;;
84;31;Directed;;;
191;142;Directed;;;
35;187;Directed;;;
172;3;Directed;;;
105;35;Directed;;;
188;57;Directed;;;
198;89;Directed;;;
89;188;Directed;;;
84;198;Directed;;;
89;191;Directed;;;
174;198;Directed;;;
225;45;Directed;;;
45;26;Directed;;;
87;35;Directed;;;
140;123;Directed;;;
142;35;Directed;;;
26;229;Directed;;;
84;178;Directed;;;
89;174;Directed;;;
198;84;Directed;;;
221;84;Directed;;;
178;84;Directed;;;
84;89;Directed;;;
84;198;Directed;;;
174;221;Directed;;;
191;168;Directed;;;
102;230;Directed;;;
3;187;Directed;;;
87;19;Directed;;;
31;142;Directed;;;
35;45;Directed;;;
174;84;Directed;;;
19;198;Directed;;;
31;166;Directed;;;
198;75;Directed;;;
198;194;Directed;;;
84;178;Directed;;;
186;198;Directed;;;
198;84;Directed;;;
178;142;Directed;;;
166;174;Directed;;;
84;89;Directed;;;
45;198;Directed;;;
3;186;Directed;;;
5;3;Directed;;;
168;198;Directed;;;
84;174;Directed;;;
75;31;Directed;;;
230;5;Directed;;;
84;198;Directed;;;
194;198;Directed;;;
174;198;Directed;;;
142;35;Directed;;;
89;102;Directed;;;
187;198;Directed;;;
84;191;Directed;;;
84;133;Directed;;;
105;198;Directed;;;
108;133;Directed;;;
198;133;Directed;;;
35;133;Directed;;;
198;84;Directed;;;
198;87;Directed;;;
198;35;Directed;;;
87;198;Directed;;;
198;105;Directed;;;
35;108;Directed;;;
191;133;Directed;;;
133;198;Directed;;;
105;35;Directed;;;
84;198;Directed;;;
89;191;Directed;;;
133;84;Directed;;;
87;35;Directed;;;
133;87;Directed;;;
87;108;Directed;;;
105;89;Directed;;;
172;14;Directed;;;
3;108;Directed;;;
108;133;Directed;;;
207;105;Directed;;;
224;45;Directed;;;
198;87;Directed;;;
198;105;Directed;;;
133;198;Directed;;;
105;133;Directed;;;
135;207;Directed;;;
173;133;Directed;;;
198;135;Directed;;;
172;3;Directed;;;
45;173;Directed;;;
105;224;Directed;;;
105;172;Directed;;;
173;224;Directed;;;
105;135;Directed;;;
108;198;Directed;;;
14;108;Directed;;;
89;178;Directed;;;
35;133;Directed;;;
19;133;Directed;;;
198;84;Directed;;;
170;3;Directed;;;
133;198;Directed;;;
105;80;Directed;;;
80;150;Directed;;;
57;170;Directed;;;
150;35;Directed;;;
188;57;Directed;;;
3;164;Directed;;;
164;19;Directed;;;
84;35;Directed;;;
35;108;Directed;;;
108;233;Directed;;;
233;89;Directed;;;
178;188;Directed;;;
162;133;Directed;;;
84;133;Directed;;;
172;14;Directed;;;
14;133;Directed;;;
3;133;Directed;;;
198;84;Directed;;;
198;87;Directed;;;
105;90;Directed;;;
172;3;Directed;;;
220;170;Directed;;;
198;172;Directed;;;
198;105;Directed;;;
133;198;Directed;;;
105;172;Directed;;;
170;162;Directed;;;
87;133;Directed;;;
191;220;Directed;;;
90;191;Directed;;;
142;129;Directed;;;
84;133;Directed;;;
133;123;Directed;;;
84;142;Directed;;;
133;187;Directed;;;
3;129;Directed;;;
129;3;Directed;;;
84;35;Directed;;;
129;198;Directed;;;
163;84;Directed;;;
35;133;Directed;;;
198;200;Directed;;;
198;84;Directed;;;
187;84;Directed;;;
200;84;Directed;;;
123;87;Directed;;;
200;87;Directed;;;
87;201;Directed;;;
133;198;Directed;;;
198;172;Directed;;;
35;111;Directed;;;
172;3;Directed;;;
111;133;Directed;;;
80;142;Directed;;;
142;35;Directed;;;
129;80;Directed;;;
133;163;Directed;;;
201;84;Directed;;;
84;133;Directed;;;
105;174;Directed;;;
133;202;Directed;;;
174;84;Directed;;;
207;84;Directed;;;
133;205;Directed;;;
174;87;Directed;;;
174;221;Directed;;;
84;233;Directed;;;
205;84;Directed;;;
108;133;Directed;;;
121;133;Directed;;;
198;84;Directed;;;
202;84;Directed;;;
133;125;Directed;;;
35;108;Directed;;;
133;198;Directed;;;
105;191;Directed;;;
133;207;Directed;;;
191;84;Directed;;;
84;174;Directed;;;
170;3;Directed;;;
125;105;Directed;;;
84;3;Directed;;;
233;89;Directed;;;
89;191;Directed;;;
3;133;Directed;;;
133;142;Directed;;;
221;84;Directed;;;
142;35;Directed;;;
84;170;Directed;;;
133;105;Directed;;;
84;121;Directed;;;
84;133;Directed;;;
114;88;Directed;;;
117;84;Directed;;;
28;125;Directed;;;
133;16;Directed;;;
207;84;Directed;;;
84;35;Directed;;;
133;80;Directed;;;
133;205;Directed;;;
31;35;Directed;;;
102;80;Directed;;;
205;84;Directed;;;
35;191;Directed;;;
169;124;Directed;;;
35;133;Directed;;;
224;45;Directed;;;
45;168;Directed;;;
35;200;Directed;;;
25;31;Directed;;;
35;157;Directed;;;
133;198;Directed;;;
133;207;Directed;;;
200;117;Directed;;;
205;25;Directed;;;
80;170;Directed;;;
125;114;Directed;;;
200;28;Directed;;;
157;133;Directed;;;
168;133;Directed;;;
14;133;Directed;;;
198;168;Directed;;;
225;45;Directed;;;
133;200;Directed;;;
168;14;Directed;;;
16;133;Directed;;;
191;80;Directed;;;
80;142;Directed;;;
142;35;Directed;;;
84;225;Directed;;;
157;35;Directed;;;
133;102;Directed;;;
124;224;Directed;;;
45;169;Directed;;;
198;207;Directed;;;
170;14;Directed;;;
84;133;Directed;;;
52;168;Directed;;;
194;84;Directed;;;
133;196;Directed;;;
205;133;Directed;;;
133;205;Directed;;;
84;163;Directed;;;
108;133;Directed;;;
84;233;Directed;;;
198;133;Directed;;;
163;133;Directed;;;
87;168;Directed;;;
45;168;Directed;;;
224;45;Directed;;;
89;174;Directed;;;
187;84;Directed;;;
198;84;Directed;;;
198;87;Directed;;;
3;52;Directed;;;
230;3;Directed;;;
31;187;Directed;;;
168;3;Directed;;;
133;198;Directed;;;
86;174;Directed;;;
168;213;Directed;;;
89;45;Directed;;;
196;89;Directed;;;
213;224;Directed;;;
198;31;Directed;;;
174;3;Directed;;;
233;86;Directed;;;
233;89;Directed;;;
87;84;Directed;;;
174;198;Directed;;;
133;194;Directed;;;
133;87;Directed;;;
108;198;Directed;;;
3;108;Directed;;;
168;230;Directed;;;
45;233;Directed;;;
84;133;Directed;;;
84;87;Directed;;;
198;170;Directed;;;
207;84;Directed;;;
125;88;Directed;;;
207;105;Directed;;;
2;133;Directed;;;
148;40;Directed;;;
133;125;Directed;;;
198;105;Directed;;;
165;102;Directed;;;
35;108;Directed;;;
133;198;Directed;;;
72;35;Directed;;;
133;207;Directed;;;
135;198;Directed;;;
108;135;Directed;;;
198;135;Directed;;;
105;87;Directed;;;
188;57;Directed;;;
170;12;Directed;;;
165;153;Directed;;;
87;188;Directed;;;
153;130;Directed;;;
102;188;Directed;;;
12;133;Directed;;;
87;78;Directed;;;
57;165;Directed;;;
78;148;Directed;;;
181;72;Directed;;;
130;198;Directed;;;
40;2;Directed;;;
87;181;Directed;;;
174;191;Directed;;;
55;69;Directed;;;
98;174;Directed;;;
111;205;Directed;;;
84;105;Directed;;;
213;198;Directed;;;
174;108;Directed;;;
174;233;Directed;;;
67;174;Directed;;;
198;84;Directed;;;
89;174;Directed;;;
69;174;Directed;;;
111;55;Directed;;;
205;233;Directed;;;
108;111;Directed;;;
233;227;Directed;;;
35;111;Directed;;;
174;37;Directed;;;
108;205;Directed;;;
227;177;Directed;;;
37;108;Directed;;;
55;67;Directed;;;
191;111;Directed;;;
233;89;Directed;;;
111;35;Directed;;;
105;98;Directed;;;
205;213;Directed;;;
125;113;Directed;;;
205;170;Directed;;;
165;164;Directed;;;
84;206;Directed;;;
170;154;Directed;;;
198;170;Directed;;;
19;125;Directed;;;
150;35;Directed;;;
35;112;Directed;;;
80;150;Directed;;;
135;205;Directed;;;
176;188;Directed;;;
154;133;Directed;;;
113;135;Directed;;;
198;84;Directed;;;
191;176;Directed;;;
188;61;Directed;;;
84;80;Directed;;;
133;125;Directed;;;
35;108;Directed;;;
133;198;Directed;;;
108;233;Directed;;;
5;3;Directed;;;
112;233;Directed;;;
135;198;Directed;;;
206;205;Directed;;;
135;207;Directed;;;
153;164;Directed;;;
170;3;Directed;;;
125;105;Directed;;;
154;19;Directed;;;
188;57;Directed;;;
165;153;Directed;;;
22;125;Directed;;;
233;89;Directed;;;
89;191;Directed;;;
3;5;Directed;;;
57;165;Directed;;;
3;133;Directed;;;
125;135;Directed;;;
80;142;Directed;;;
142;35;Directed;;;
153;154;Directed;;;
207;170;Directed;;;
164;22;Directed;;;
170;133;Directed;;;
61;165;Directed;;;
57;165;Directed;;;
133;87;Directed;;;
105;225;Directed;;;
105;135;Directed;;;
108;198;Directed;;;
87;108;Directed;;;
188;170;Directed;;;
198;105;Directed;;;
170;163;Directed;;;
105;57;Directed;;;
165;105;Directed;;;
133;198;Directed;;;
225;188;Directed;;;
198;133;Directed;;;
163;133;Directed;;;
135;198;Directed;;;
105;165;Directed;;;
121;133;Directed;;;
84;108;Directed;;;
84;133;Directed;;;
187;84;Directed;;;
84;174;Directed;;;
198;84;Directed;;;
174;187;Directed;;;
84;198;Directed;;;
108;133;Directed;;;
133;198;Directed;;;
84;121;Directed;;;
198;133;Directed;;;
35;225;Directed;;;
57;170;Directed;;;
150;35;Directed;;;
207;87;Directed;;;
108;133;Directed;;;
148;150;Directed;;;
172;4;Directed;;;
79;142;Directed;;;
79;148;Directed;;;
142;79;Directed;;;
198;105;Directed;;;
35;108;Directed;;;
4;133;Directed;;;
133;198;Directed;;;
198;172;Directed;;;
45;79;Directed;;;
105;191;Directed;;;
133;207;Directed;;;
19;133;Directed;;;
108;19;Directed;;;
188;57;Directed;;;
133;188;Directed;;;
87;142;Directed;;;
225;45;Directed;;;
191;80;Directed;;;
80;142;Directed;;;
142;35;Directed;;;
14;108;Directed;;;
170;14;Directed;;;
162;133;Directed;;;
84;133;Directed;;;
89;174;Directed;;;
198;84;Directed;;;
220;84;Directed;;;
174;220;Directed;;;
5;133;Directed;;;
143;191;Directed;;;
133;198;Directed;;;
108;198;Directed;;;
198;170;Directed;;;
191;5;Directed;;;
105;143;Directed;;;
198;233;Directed;;;
170;162;Directed;;;
233;89;Directed;;;
133;5;Directed;;;
5;108;Directed;;;
108;193;Directed;;;
61;152;Directed;;;
57;152;Directed;;;
213;42;Directed;;;
123;213;Directed;;;
152;213;Directed;;;
193;123;Directed;;;
152;123;Directed;;;
188;61;Directed;;;
188;57;Directed;;;
42;108;Directed;;;
35;108;Directed;;;
42;188;Directed;;;
152;35;Directed;;;
193;57;Directed;;;
191;3;Directed;;;
31;133;Directed;;;
84;142;Directed;;;
3;129;Directed;;;
198;170;Directed;;;
174;84;Directed;;;
84;108;Directed;;;
129;198;Directed;;;
163;84;Directed;;;
121;133;Directed;;;
13;133;Directed;;;
198;84;Directed;;;
170;13;Directed;;;
31;129;Directed;;;
133;198;Directed;;;
84;31;Directed;;;
108;129;Directed;;;
121;129;Directed;;;
84;174;Directed;;;
191;221;Directed;;;
198;89;Directed;;;
142;191;Directed;;;
129;163;Directed;;;
89;191;Directed;;;
3;133;Directed;;;
221;84;Directed;;;
198;3;Directed;;;
108;198;Directed;;;
133;163;Directed;;;
84;121;Directed;;;
129;31;Directed;;;
172;14;Directed;;;
102;178;Directed;;;
45;80;Directed;;;
14;135;Directed;;;
170;102;Directed;;;
178;237;Directed;;;
80;150;Directed;;;
207;105;Directed;;;
237;225;Directed;;;
191;57;Directed;;;
105;225;Directed;;;
52;170;Directed;;;
133;198;Directed;;;
198;233;Directed;;;
57;105;Directed;;;
225;52;Directed;;;
135;207;Directed;;;
52;133;Directed;;;
133;57;Directed;;;
233;89;Directed;;;
89;191;Directed;;;
52;172;Directed;;;
225;45;Directed;;;
5;133;Directed;;;
150;5;Directed;;;
172;14;Directed;;;
14;129;Directed;;;
89;80;Directed;;;
207;84;Directed;;;
142;31;Directed;;;
80;150;Directed;;;
40;172;Directed;;;
142;40;Directed;;;
31;172;Directed;;;
224;45;Directed;;;
198;84;Directed;;;
31;178;Directed;;;
178;142;Directed;;;
40;80;Directed;;;
31;80;Directed;;;
150;31;Directed;;;
84;89;Directed;;;
133;198;Directed;;;
129;133;Directed;;;
135;207;Directed;;;
45;133;Directed;;;
80;142;Directed;;;
129;135;Directed;;;
133;224;Directed;;;
105;3;Directed;;;
170;163;Directed;;;
207;105;Directed;;;
105;225;Directed;;;
176;221;Directed;;;
239;170;Directed;;;
198;105;Directed;;;
133;198;Directed;;;
131;170;Directed;;;
133;207;Directed;;;
170;3;Directed;;;
89;225;Directed;;;
191;221;Directed;;;
45;170;Directed;;;
133;170;Directed;;;
105;233;Directed;;;
233;89;Directed;;;
89;191;Directed;;;
239;105;Directed;;;
3;133;Directed;;;
14;133;Directed;;;
225;45;Directed;;;
5;133;Directed;;;
163;131;Directed;;;
170;176;Directed;;;
105;89;Directed;;;
170;5;Directed;;;
225;185;Directed;;;
221;105;Directed;;;
185;170;Directed;;;
221;239;Directed;;;
170;14;Directed;;;
5;111;Directed;;;
84;133;Directed;;;
207;84;Directed;;;
35;54;Directed;;;
198;133;Directed;;;
84;178;Directed;;;
198;84;Directed;;;
198;87;Directed;;;
178;84;Directed;;;
79;142;Directed;;;
178;87;Directed;;;
133;198;Directed;;;
111;207;Directed;;;
54;5;Directed;;;
84;79;Directed;;;
84;198;Directed;;;
87;133;Directed;;;
142;35;Directed;;;
87;178;Directed;;;
3;133;Directed;;;
198;84;Directed;;;
89;174;Directed;;;
221;84;Directed;;;
84;198;Directed;;;
172;3;Directed;;;
84;3;Directed;;;
198;89;Directed;;;
133;198;Directed;;;
174;221;Directed;;;
84;172;Directed;;;
84;87;Directed;;;
201;105;Directed;;;
170;154;Directed;;;
198;170;Directed;;;
207;84;Directed;;;
84;35;Directed;;;
84;108;Directed;;;
142;40;Directed;;;
154;133;Directed;;;
108;200;Directed;;;
40;111;Directed;;;
111;162;Directed;;;
198;84;Directed;;;
187;84;Directed;;;
84;187;Directed;;;
79;142;Directed;;;
184;79;Directed;;;
2;35;Directed;;;
233;93;Directed;;;
162;170;Directed;;;
35;108;Directed;;;
133;198;Directed;;;
200;105;Directed;;;
111;198;Directed;;;
35;111;Directed;;;
133;207;Directed;;;
176;184;Directed;;;
105;84;Directed;;;
170;3;Directed;;;
93;91;Directed;;;
91;176;Directed;;;
105;233;Directed;;;
87;84;Directed;;;
3;133;Directed;;;
108;198;Directed;;;
40;2;Directed;;;
198;201;Directed;;;
198;219;Directed;;;
31;133;Directed;;;
15;152;Directed;;;
219;52;Directed;;;
207;84;Directed;;;
84;154;Directed;;;
133;19;Directed;;;
13;112;Directed;;;
19;198;Directed;;;
108;133;Directed;;;
198;133;Directed;;;
108;84;Directed;;;
35;133;Directed;;;
198;84;Directed;;;
142;3;Directed;;;
198;142;Directed;;;
198;87;Directed;;;
84;13;Directed;;;
52;170;Directed;;;
154;108;Directed;;;
133;198;Directed;;;
84;31;Directed;;;
133;207;Directed;;;
170;3;Directed;;;
84;3;Directed;;;
198;89;Directed;;;
142;5;Directed;;;
207;15;Directed;;;
152;198;Directed;;;
197;108;Directed;;;
3;133;Directed;;;
89;142;Directed;;;
3;197;Directed;;;
87;35;Directed;;;
108;198;Directed;;;
3;108;Directed;;;
5;108;Directed;;;
112;207;Directed;;;
170;35;Directed;;;
198;170;Directed;;;
19;125;Directed;;;
125;79;Directed;;;
84;35;Directed;;;
178;170;Directed;;;
142;40;Directed;;;
121;133;Directed;;;
35;133;Directed;;;
191;164;Directed;;;
198;84;Directed;;;
79;142;Directed;;;
198;105;Directed;;;
133;198;Directed;;;
105;121;Directed;;;
198;178;Directed;;;
125;133;Directed;;;
35;233;Directed;;;
233;89;Directed;;;
89;191;Directed;;;
14;133;Directed;;;
40;164;Directed;;;
164;19;Directed;;;
170;14;Directed;;;
157;111;Directed;;;
84;133;Directed;;;
84;148;Directed;;;
170;35;Directed;;;
35;225;Directed;;;
57;164;Directed;;;
225;181;Directed;;;
170;10;Directed;;;
198;84;Directed;;;
198;87;Directed;;;
84;126;Directed;;;
133;198;Directed;;;
135;207;Directed;;;
19;133;Directed;;;
126;88;Directed;;;
111;164;Directed;;;
170;3;Directed;;;
19;87;Directed;;;
188;57;Directed;;;
87;181;Directed;;;
87;188;Directed;;;
181;170;Directed;;;
10;111;Directed;;;
111;133;Directed;;;
225;188;Directed;;;
19;135;Directed;;;
207;225;Directed;;;
164;19;Directed;;;
181;87;Directed;;;
148;157;Directed;;;
3;111;Directed;;;
198;170;Directed;;;
108;133;Directed;;;
191;225;Directed;;;
191;185;Directed;;;
198;105;Directed;;;
178;105;Directed;;;
133;198;Directed;;;
198;172;Directed;;;
105;133;Directed;;;
170;3;Directed;;;
45;170;Directed;;;
172;3;Directed;;;
105;233;Directed;;;
233;89;Directed;;;
89;191;Directed;;;
105;178;Directed;;;
3;133;Directed;;;
225;45;Directed;;;
105;89;Directed;;;
89;233;Directed;;;
185;170;Directed;;;
3;108;Directed;;;
84;133;Directed;;;
98;3;Directed;;;
170;163;Directed;;;
84;163;Directed;;;
84;233;Directed;;;
163;133;Directed;;;
163;84;Directed;;;
198;84;Directed;;;
108;215;Directed;;;
215;45;Directed;;;
163;108;Directed;;;
90;108;Directed;;;
45;170;Directed;;;
84;0;Directed;;;
89;176;Directed;;;
61;105;Directed;;;
233;89;Directed;;;
79;98;Directed;;;
84;94;Directed;;;
133;84;Directed;;;
176;61;Directed;;;
89;90;Directed;;;
108;198;Directed;;;
105;89;Directed;;;
133;163;Directed;;;
0;79;Directed;;;
3;108;Directed;;;
172;14;Directed;;;
115;105;Directed;;;
170;163;Directed;;;
105;79;Directed;;;
108;133;Directed;;;
163;133;Directed;;;
79;142;Directed;;;
191;57;Directed;;;
105;225;Directed;;;
52;170;Directed;;;
35;108;Directed;;;
108;233;Directed;;;
133;198;Directed;;;
57;172;Directed;;;
57;105;Directed;;;
225;52;Directed;;;
133;115;Directed;;;
233;89;Directed;;;
89;191;Directed;;;
142;35;Directed;;;
14;108;Directed;;;
198;88;Directed;;;
84;142;Directed;;;
174;84;Directed;;;
84;96;Directed;;;
207;84;Directed;;;
191;198;Directed;;;
142;31;Directed;;;
84;172;Directed;;;
121;133;Directed;;;
198;84;Directed;;;
176;84;Directed;;;
15;133;Directed;;;
168;174;Directed;;;
31;193;Directed;;;
133;198;Directed;;;
84;31;Directed;;;
133;207;Directed;;;
96;191;Directed;;;
84;168;Directed;;;
174;168;Directed;;;
84;174;Directed;;;
172;3;Directed;;;
84;198;Directed;;;
133;121;Directed;;;
31;15;Directed;;;
168;133;Directed;;;
193;31;Directed;;;
3;133;Directed;;;
133;84;Directed;;;
84;176;Directed;;;
31;121;Directed;;;
89;178;Directed;;;
84;57;Directed;;;
198;84;Directed;;;
221;84;Directed;;;
108;198;Directed;;;
57;3;Directed;;;
198;89;Directed;;;
89;57;Directed;;;
89;108;Directed;;;
178;221;Directed;;;
3;108;Directed;;;
80;178;Directed;;;
61;6;Directed;;;
150;35;Directed;;;
142;31;Directed;;;
205;84;Directed;;;
35;133;Directed;;;
170;187;Directed;;;
207;178;Directed;;;
178;142;Directed;;;
176;84;Directed;;;
205;105;Directed;;;
6;8;Directed;;;
45;180;Directed;;;
191;170;Directed;;;
52;150;Directed;;;
198;105;Directed;;;
148;61;Directed;;;
133;198;Directed;;;
22;205;Directed;;;
105;191;Directed;;;
225;52;Directed;;;
180;148;Directed;;;
131;142;Directed;;;
31;131;Directed;;;
6;22;Directed;;;
191;80;Directed;;;
142;35;Directed;;;
84;225;Directed;;;
31;45;Directed;;;
8;22;Directed;;;
84;176;Directed;;;
187;207;Directed;;;
150;35;Directed;;;
191;198;Directed;;;
80;150;Directed;;;
142;40;Directed;;;
35;191;Directed;;;
79;191;Directed;;;
79;139;Directed;;;
198;87;Directed;;;
79;35;Directed;;;
35;79;Directed;;;
198;105;Directed;;;
108;105;Directed;;;
191;133;Directed;;;
133;198;Directed;;;
105;191;Directed;;;
191;87;Directed;;;
191;105;Directed;;;
35;80;Directed;;;
191;108;Directed;;;
87;191;Directed;;;
40;79;Directed;;;
79;40;Directed;;;
191;80;Directed;;;
80;142;Directed;;;
142;35;Directed;;;
139;133;Directed;;;
31;133;Directed;;;
3;129;Directed;;;
84;35;Directed;;;
142;31;Directed;;;
128;108;Directed;;;
108;133;Directed;;;
198;133;Directed;;;
205;84;Directed;;;
45;168;Directed;;;
198;84;Directed;;;
84;19;Directed;;;
35;108;Directed;;;
133;198;Directed;;;
84;31;Directed;;;
135;198;Directed;;;
108;205;Directed;;;
31;174;Directed;;;
129;142;Directed;;;
35;135;Directed;;;
19;84;Directed;;;
84;3;Directed;;;
198;31;Directed;;;
84;198;Directed;;;
31;198;Directed;;;
174;198;Directed;;;
3;133;Directed;;;
35;168;Directed;;;
133;84;Directed;;;
142;35;Directed;;;
108;128;Directed;;;
84;45;Directed;;;
168;35;Directed;;;
172;14;Directed;;;
170;35;Directed;;;
176;57;Directed;;;
187;170;Directed;;;
87;37;Directed;;;
108;133;Directed;;;
35;133;Directed;;;
170;187;Directed;;;
198;87;Directed;;;
57;87;Directed;;;
105;164;Directed;;;
105;170;Directed;;;
198;105;Directed;;;
187;105;Directed;;;
133;198;Directed;;;
198;233;Directed;;;
164;133;Directed;;;
176;187;Directed;;;
170;3;Directed;;;
133;170;Directed;;;
37;108;Directed;;;
89;176;Directed;;;
105;233;Directed;;;
105;172;Directed;;;
233;89;Directed;;;
87;133;Directed;;;
14;133;Directed;;;
3;108;Directed;;;
87;142;Directed;;;
198;87;Directed;;;
142;34;Directed;;;
34;12;Directed;;;
111;198;Directed;;;
12;111;Directed;;;
84;133;Directed;;;
27;117;Directed;;;
117;84;Directed;;;
198;170;Directed;;;
35;112;Directed;;;
84;233;Directed;;;
198;133;Directed;;;
35;69;Directed;;;
84;178;Directed;;;
89;174;Directed;;;
108;35;Directed;;;
178;84;Directed;;;
233;35;Directed;;;
15;84;Directed;;;
84;89;Directed;;;
35;108;Directed;;;
133;198;Directed;;;
111;27;Directed;;;
39;111;Directed;;;
170;3;Directed;;;
3;39;Directed;;;
133;170;Directed;;;
3;170;Directed;;;
191;233;Directed;;;
84;198;Directed;;;
233;89;Directed;;;
233;95;Directed;;;
174;15;Directed;;;
3;84;Directed;;;
69;35;Directed;;;
89;233;Directed;;;
112;198;Directed;;;
198;88;Directed;;;
95;191;Directed;;;
193;24;Directed;;;
31;129;Directed;;;
31;84;Directed;;;
31;142;Directed;;;
31;193;Directed;;;
84;193;Directed;;;
31;45;Directed;;;
142;31;Directed;;;
140;31;Directed;;;
24;31;Directed;;;
45;140;Directed;;;
129;31;Directed;;;
186;37;Directed;;;
188;135;Directed;;;
108;234;Directed;;;
165;234;Directed;;;
99;188;Directed;;;
102;89;Directed;;;
178;188;Directed;;;
102;37;Directed;;;
95;178;Directed;;;
178;84;Directed;;;
89;186;Directed;;;
234;89;Directed;;;
234;95;Directed;;;
57;154;Directed;;;
99;102;Directed;;;
165;102;Directed;;;
178;99;Directed;;;
200;99;Directed;;;
99;178;Directed;;;
154;19;Directed;;;
188;57;Directed;;;
37;108;Directed;;;
89;188;Directed;;;
37;178;Directed;;;
102;188;Directed;;;
57;165;Directed;;;
135;200;Directed;;;
19;135;Directed;;;
135;99;Directed;;;
191;61;Directed;;;
170;35;Directed;;;
170;154;Directed;;;
198;170;Directed;;;
207;84;Directed;;;
185;87;Directed;;;
31;35;Directed;;;
108;185;Directed;;;
133;205;Directed;;;
154;133;Directed;;;
163;133;Directed;;;
35;133;Directed;;;
224;45;Directed;;;
233;191;Directed;;;
198;142;Directed;;;
224;173;Directed;;;
173;164;Directed;;;
198;224;Directed;;;
35;108;Directed;;;
133;198;Directed;;;
26;224;Directed;;;
35;111;Directed;;;
135;198;Directed;;;
35;233;Directed;;;
191;142;Directed;;;
164;133;Directed;;;
170;3;Directed;;;
172;3;Directed;;;
45;170;Directed;;;
111;170;Directed;;;
170;9;Directed;;;
85;89;Directed;;;
198;89;Directed;;;
89;191;Directed;;;
170;85;Directed;;;
84;88;Directed;;;
3;133;Directed;;;
9;3;Directed;;;
45;26;Directed;;;
191;135;Directed;;;
133;142;Directed;;;
142;35;Directed;;;
108;198;Directed;;;
87;163;Directed;;;
205;207;Directed;;;
142;172;Directed;;;
3;224;Directed;;;
61;31;Directed;;;
3;108;Directed;;;
178;88;Directed;;;
163;170;Directed;;;
170;35;Directed;;;
87;89;Directed;;;
207;87;Directed;;;
17;195;Directed;;;
3;211;Directed;;;
35;133;Directed;;;
133;229;Directed;;;
142;3;Directed;;;
198;87;Directed;;;
87;3;Directed;;;
133;3;Directed;;;
89;3;Directed;;;
198;105;Directed;;;
198;163;Directed;;;
133;198;Directed;;;
211;175;Directed;;;
133;207;Directed;;;
195;133;Directed;;;
170;3;Directed;;;
1;17;Directed;;;
87;121;Directed;;;
175;142;Directed;;;
3;133;Directed;;;
87;35;Directed;;;
108;198;Directed;;;
105;89;Directed;;;
229;198;Directed;;;
121;198;Directed;;;
133;163;Directed;;;
3;108;Directed;;;
87;178;Directed;;;
89;1;Directed;;;
5;111;Directed;;;
52;168;Directed;;;
34;83;Directed;;;
105;79;Directed;;;
142;31;Directed;;;
140;79;Directed;;;
124;34;Directed;;;
168;34;Directed;;;
87;52;Directed;;;
35;133;Directed;;;
198;200;Directed;;;
45;168;Directed;;;
79;142;Directed;;;
83;45;Directed;;;
145;87;Directed;;;
133;198;Directed;;;
200;105;Directed;;;
45;140;Directed;;;
225;52;Directed;;;
87;225;Directed;;;
52;142;Directed;;;
142;170;Directed;;;
34;45;Directed;;;
33;34;Directed;;;
168;124;Directed;;;
111;133;Directed;;;
87;145;Directed;;;
31;33;Directed;;;
133;87;Directed;;;
34;35;Directed;;;
170;5;Directed;;;
172;14;Directed;;;
106;35;Directed;;;
150;35;Directed;;;
133;205;Directed;;;
207;87;Directed;;;
198;185;Directed;;;
105;79;Directed;;;
80;150;Directed;;;
185;105;Directed;;;
35;14;Directed;;;
35;133;Directed;;;
87;55;Directed;;;
79;142;Directed;;;
43;88;Directed;;;
198;105;Directed;;;
35;38;Directed;;;
198;207;Directed;;;
87;79;Directed;;;
133;198;Directed;;;
198;172;Directed;;;
105;191;Directed;;;
133;207;Directed;;;
61;14;Directed;;;
55;43;Directed;;;
172;61;Directed;;;
14;133;Directed;;;
191;80;Directed;;;
142;35;Directed;;;
205;198;Directed;;;
205;207;Directed;;;
207;106;Directed;;;
142;172;Directed;;;
38;133;Directed;;;
84;133;Directed;;;
141;133;Directed;;;
84;142;Directed;;;
106;87;Directed;;;
198;106;Directed;;;
133;135;Directed;;;
207;84;Directed;;;
31;35;Directed;;;
142;31;Directed;;;
198;200;Directed;;;
224;45;Directed;;;
89;174;Directed;;;
198;84;Directed;;;
174;111;Directed;;;
174;187;Directed;;;
200;84;Directed;;;
187;105;Directed;;;
84;89;Directed;;;
21;198;Directed;;;
133;198;Directed;;;
133;21;Directed;;;
133;207;Directed;;;
135;198;Directed;;;
35;233;Directed;;;
105;14;Directed;;;
108;135;Directed;;;
45;173;Directed;;;
174;3;Directed;;;
233;89;Directed;;;
87;133;Directed;;;
111;133;Directed;;;
14;133;Directed;;;
90;174;Directed;;;
89;90;Directed;;;
87;224;Directed;;;
135;87;Directed;;;
173;141;Directed;;;
3;108;Directed;;;
3;133;Directed;;;
198;84;Directed;;;
170;3;Directed;;;
105;143;Directed;;;
57;105;Directed;;;
105;170;Directed;;;
198;80;Directed;;;
188;57;Directed;;;
198;105;Directed;;;
35;108;Directed;;;
143;3;Directed;;;
133;198;Directed;;;
133;188;Directed;;;
108;133;Directed;;;
198;133;Directed;;;
143;35;Directed;;;
80;143;Directed;;;
18;133;Directed;;;
233;91;Directed;;;
28;125;Directed;;;
198;106;Directed;;;
170;35;Directed;;;
198;170;Directed;;;
207;84;Directed;;;
106;154;Directed;;;
12;28;Directed;;;
28;18;Directed;;;
133;205;Directed;;;
84;35;Directed;;;
153;28;Directed;;;
106;233;Directed;;;
108;133;Directed;;;
198;133;Directed;;;
207;105;Directed;;;
205;84;Directed;;;
35;133;Directed;;;
110;108;Directed;;;
204;106;Directed;;;
188;61;Directed;;;
191;133;Directed;;;
133;198;Directed;;;
84;153;Directed;;;
133;207;Directed;;;
28;133;Directed;;;
105;133;Directed;;;
125;87;Directed;;;
9;28;Directed;;;
204;105;Directed;;;
105;233;Directed;;;
89;188;Directed;;;
233;89;Directed;;;
91;191;Directed;;;
35;110;Directed;;;
154;9;Directed;;;
205;207;Directed;;;
165;12;Directed;;;
198;204;Directed;;;
61;165;Directed;;;
198;225;Directed;;;
19;198;Directed;;;
31;108;Directed;;;
89;174;Directed;;;
198;84;Directed;;;
142;3;Directed;;;
198;142;Directed;;;
39;133;Directed;;;
84;19;Directed;;;
84;89;Directed;;;
133;198;Directed;;;
84;31;Directed;;;
170;3;Directed;;;
45;170;Directed;;;
186;84;Directed;;;
174;186;Directed;;;
84;198;Directed;;;
3;133;Directed;;;
84;39;Directed;;;
225;45;Directed;;;
84;225;Directed;;;
108;198;Directed;;;
19;233;Directed;;;
233;213;Directed;;;
31;133;Directed;;;
80;142;Directed;;;
191;80;Directed;;;
31;142;Directed;;;
105;80;Directed;;;
191;150;Directed;;;
35;19;Directed;;;
150;35;Directed;;;
198;105;Directed;;;
31;80;Directed;;;
142;31;Directed;;;
150;31;Directed;;;
80;150;Directed;;;
133;198;Directed;;;
213;191;Directed;;;
105;191;Directed;;;
84;35;Directed;;;
84;163;Directed;;;
163;133;Directed;;;
35;133;Directed;;;
198;84;Directed;;;
178;142;Directed;;;
198;87;Directed;;;
154;108;Directed;;;
133;198;Directed;;;
198;233;Directed;;;
84;174;Directed;;;
106;3;Directed;;;
191;221;Directed;;;
221;106;Directed;;;
186;84;Directed;;;
198;89;Directed;;;
191;178;Directed;;;
174;186;Directed;;;
84;198;Directed;;;
233;89;Directed;;;
89;191;Directed;;;
3;133;Directed;;;
142;154;Directed;;;
108;198;Directed;;;
133;108;Directed;;;
129;133;Directed;;;
31;224;Directed;;;
45;168;Directed;;;
224;45;Directed;;;
31;233;Directed;;;
89;129;Directed;;;
31;133;Directed;;;
168;133;Directed;;;
37;31;Directed;;;
198;31;Directed;;;
133;198;Directed;;;
198;37;Directed;;;
233;89;Directed;;;
40;14;Directed;;;
221;187;Directed;;;
163;170;Directed;;;
108;237;Directed;;;
170;102;Directed;;;
133;150;Directed;;;
40;108;Directed;;;
80;150;Directed;;;
108;133;Directed;;;
121;133;Directed;;;
14;40;Directed;;;
34;3;Directed;;;
187;169;Directed;;;
105;121;Directed;;;
200;105;Directed;;;
150;34;Directed;;;
156;108;Directed;;;
150;40;Directed;;;
191;221;Directed;;;
102;179;Directed;;;
72;80;Directed;;;
89;191;Directed;;;
133;200;Directed;;;
169;156;Directed;;;
179;72;Directed;;;
133;163;Directed;;;
237;89;Directed;;;
84;133;Directed;;;
194;84;Directed;;;
84;35;Directed;;;
231;93;Directed;;;
35;133;Directed;;;
198;87;Directed;;;
93;174;Directed;;;
223;183;Directed;;;
202;87;Directed;;;
174;202;Directed;;;
133;198;Directed;;;
173;185;Directed;;;
35;111;Directed;;;
61;133;Directed;;;
84;223;Directed;;;
185;223;Directed;;;
231;89;Directed;;;
191;221;Directed;;;
118;87;Directed;;;
223;45;Directed;;;
45;173;Directed;;;
221;231;Directed;;;
133;118;Directed;;;
89;191;Directed;;;
133;194;Directed;;;
87;35;Directed;;;
35;61;Directed;;;
117;106;Directed;;;
183;173;Directed;;;
173;141;Directed;;;
141;231;Directed;;;
111;117;Directed;;;
57;19;Directed;;;
19;154;Directed;;;
154;57;Directed;;;
154;19;Directed;;;
35;225;Directed;;;
57;170;Directed;;;
142;31;Directed;;;
108;188;Directed;;;
178;142;Directed;;;
142;3;Directed;;;
225;80;Directed;;;
198;35;Directed;;;
198;105;Directed;;;
35;108;Directed;;;
133;198;Directed;;;
3;198;Directed;;;
108;178;Directed;;;
198;178;Directed;;;
225;52;Directed;;;
170;3;Directed;;;
52;142;Directed;;;
142;225;Directed;;;
188;57;Directed;;;
142;133;Directed;;;
105;178;Directed;;;
3;133;Directed;;;
80;142;Directed;;;
142;35;Directed;;;
31;225;Directed;;;
142;178;Directed;;;
225;52;Directed;;;
105;133;Directed;;;
14;133;Directed;;;
191;225;Directed;;;
207;105;Directed;;;
105;225;Directed;;;
170;215;Directed;;;
207;225;Directed;;;
52;170;Directed;;;
188;170;Directed;;;
207;170;Directed;;;
170;12;Directed;;;
12;133;Directed;;;
133;188;Directed;;;
170;14;Directed;;;
133;207;Directed;;;
215;191;Directed;;;
213;174;Directed;;;
174;188;Directed;;;
233;213;Directed;;;
84;133;Directed;;;
31;142;Directed;;;
97;84;Directed;;;
3;108;Directed;;;
142;31;Directed;;;
84;233;Directed;;;
108;133;Directed;;;
108;142;Directed;;;
198;84;Directed;;;
133;198;Directed;;;
84;3;Directed;;;
3;133;Directed;;;
31;149;Directed;;;
188;84;Directed;;;
31;97;Directed;;;
149;31;Directed;;;
165;167;Directed;;;
198;231;Directed;;;
198;188;Directed;;;
54;165;Directed;;;
198;133;Directed;;;
167;188;Directed;;;
35;133;Directed;;;
198;87;Directed;;;
54;3;Directed;;;
188;61;Directed;;;
105;54;Directed;;;
198;105;Directed;;;
191;133;Directed;;;
133;198;Directed;;;
165;233;Directed;;;
233;221;Directed;;;
28;130;Directed;;;
231;89;Directed;;;
105;35;Directed;;;
188;57;Directed;;;
137;198;Directed;;;
188;54;Directed;;;
165;28;Directed;;;
89;191;Directed;;;
221;188;Directed;;;
57;165;Directed;;;
3;133;Directed;;;
87;35;Directed;;;
130;198;Directed;;;
35;137;Directed;;;
61;165;Directed;;;
89;187;Directed;;;
187;164;Directed;;;
14;19;Directed;;;
115;102;Directed;;;
35;112;Directed;;;
207;99;Directed;;;
112;237;Directed;;;
237;198;Directed;;;
154;133;Directed;;;
200;133;Directed;;;
198;200;Directed;;;
170;187;Directed;;;
99;154;Directed;;;
233;35;Directed;;;
198;99;Directed;;;
198;105;Directed;;;
198;172;Directed;;;
164;115;Directed;;;
102;198;Directed;;;
105;133;Directed;;;
35;68;Directed;;;
28;154;Directed;;;
172;3;Directed;;;
133;170;Directed;;;
188;57;Directed;;;
154;28;Directed;;;
68;89;Directed;;;
37;233;Directed;;;
165;37;Directed;;;
133;188;Directed;;;
57;165;Directed;;;
19;233;Directed;;;
14;133;Directed;;;
3;133;Directed;;;
170;176;Directed;;;
176;198;Directed;;;
187;207;Directed;;;
170;14;Directed;;;
77;142;Directed;;;
108;133;Directed;;;
198;133;Directed;;;
121;133;Directed;;;
187;84;Directed;;;
142;3;Directed;;;
198;84;Directed;;;
84;187;Directed;;;
176;84;Directed;;;
45;198;Directed;;;
133;198;Directed;;;
84;186;Directed;;;
178;77;Directed;;;
186;84;Directed;;;
198;208;Directed;;;
84;198;Directed;;;
208;84;Directed;;;
198;232;Directed;;;
84;45;Directed;;;
121;198;Directed;;;
84;176;Directed;;;
3;108;Directed;;;
84;121;Directed;;;
232;178;Directed;;;
89;178;Directed;;;
35;225;Directed;;;
108;133;Directed;;;
198;105;Directed;;;
133;198;Directed;;;
57;105;Directed;;;
170;3;Directed;;;
45;170;Directed;;;
172;3;Directed;;;
35;80;Directed;;;
198;80;Directed;;;
188;57;Directed;;;
198;89;Directed;;;
37;108;Directed;;;
105;108;Directed;;;
105;233;Directed;;;
133;188;Directed;;;
233;89;Directed;;;
178;37;Directed;;;
3;133;Directed;;;
225;45;Directed;;;
142;35;Directed;;;
80;142;Directed;;;
170;225;Directed;;;
108;198;Directed;;;
89;172;Directed;;;
198;225;Directed;;;
28;125;Directed;;;
170;35;Directed;;;
108;237;Directed;;;
115;224;Directed;;;
178;170;Directed;;;
26;115;Directed;;;
108;133;Directed;;;
224;45;Directed;;;
198;84;Directed;;;
237;170;Directed;;;
198;105;Directed;;;
35;108;Directed;;;
133;198;Directed;;;
178;105;Directed;;;
233;224;Directed;;;
35;233;Directed;;;
84;165;Directed;;;
19;133;Directed;;;
224;35;Directed;;;
125;105;Directed;;;
188;170;Directed;;;
165;28;Directed;;;
198;143;Directed;;;
143;3;Directed;;;
105;178;Directed;;;
3;133;Directed;;;
170;164;Directed;;;
45;26;Directed;;;
164;19;Directed;;;
225;188;Directed;;;
84;181;Directed;;;
208;84;Directed;;;
198;84;Directed;;;
84;142;Directed;;;
151;84;Directed;;;
111;186;Directed;;;
84;186;Directed;;;
31;151;Directed;;;
186;84;Directed;;;
142;31;Directed;;;
84;198;Directed;;;
84;31;Directed;;;
181;208;Directed;;;
84;111;Directed;;;
237;52;Directed;;;
108;237;Directed;;;
3;80;Directed;;;
31;35;Directed;;;
80;150;Directed;;;
198;87;Directed;;;
35;26;Directed;;;
52;170;Directed;;;
198;105;Directed;;;
150;31;Directed;;;
35;108;Directed;;;
133;198;Directed;;;
198;111;Directed;;;
57;105;Directed;;;
105;133;Directed;;;
26;233;Directed;;;
105;142;Directed;;;
170;3;Directed;;;
191;35;Directed;;;
105;35;Directed;;;
188;57;Directed;;;
191;108;Directed;;;
191;233;Directed;;;
142;191;Directed;;;
105;111;Directed;;;
233;89;Directed;;;
89;191;Directed;;;
87;133;Directed;;;
111;133;Directed;;;
3;188;Directed;;;
108;3;Directed;;;
108;198;Directed;;;
157;111;Directed;;;
172;14;Directed;;;
89;187;Directed;;;
3;108;Directed;;;
142;34;Directed;;;
80;150;Directed;;;
101;188;Directed;;;
178;142;Directed;;;
142;3;Directed;;;
37;112;Directed;;;
108;157;Directed;;;
225;80;Directed;;;
198;105;Directed;;;
133;198;Directed;;;
150;34;Directed;;;
112;233;Directed;;;
233;172;Directed;;;
34;225;Directed;;;
105;233;Directed;;;
233;89;Directed;;;
187;101;Directed;;;
188;133;Directed;;;
200;37;Directed;;;
34;133;Directed;;;
111;133;Directed;;;
133;200;Directed;;;
14;133;Directed;;;
45;142;Directed;;;
225;45;Directed;;;
3;72;Directed;;;
111;142;Directed;;;
105;80;Directed;;;
72;3;Directed;;;
34;111;Directed;;;
142;178;Directed;;;
216;191;Directed;;;
84;133;Directed;;;
31;142;Directed;;;
233;219;Directed;;;
35;225;Directed;;;
143;142;Directed;;;
235;216;Directed;;;
150;35;Directed;;;
225;50;Directed;;;
80;150;Directed;;;
105;143;Directed;;;
207;105;Directed;;;
170;10;Directed;;;
198;84;Directed;;;
191;225;Directed;;;
50;170;Directed;;;
150;31;Directed;;;
191;133;Directed;;;
133;198;Directed;;;
191;136;Directed;;;
35;233;Directed;;;
107;191;Directed;;;
135;207;Directed;;;
105;133;Directed;;;
219;191;Directed;;;
133;170;Directed;;;
35;22;Directed;;;
22;235;Directed;;;
136;80;Directed;;;
35;107;Directed;;;
133;84;Directed;;;
142;35;Directed;;;
191;80;Directed;;;
10;135;Directed;;;
133;105;Directed;;;
170;133;Directed;;;
225;191;Directed;;;
89;174;Directed;;;
198;84;Directed;;;
87;106;Directed;;;
110;133;Directed;;;
117;87;Directed;;;
19;84;Directed;;;
137;205;Directed;;;
108;137;Directed;;;
205;117;Directed;;;
191;108;Directed;;;
174;19;Directed;;;
84;89;Directed;;;
84;205;Directed;;;
133;198;Directed;;;
87;110;Directed;;;
84;191;Directed;;;
205;87;Directed;;;
150;35;Directed;;;
105;198;Directed;;;
80;150;Directed;;;
108;133;Directed;;;
142;3;Directed;;;
108;35;Directed;;;
105;45;Directed;;;
105;170;Directed;;;
198;105;Directed;;;
35;108;Directed;;;
133;198;Directed;;;
135;198;Directed;;;
35;233;Directed;;;
170;3;Directed;;;
105;35;Directed;;;
233;89;Directed;;;
89;191;Directed;;;
3;133;Directed;;;
45;142;Directed;;;
191;135;Directed;;;
105;80;Directed;;;
3;105;Directed;;;
172;14;Directed;;;
198;170;Directed;;;
84;35;Directed;;;
174;35;Directed;;;
84;233;Directed;;;
84;172;Directed;;;
193;112;Directed;;;
35;133;Directed;;;
89;174;Directed;;;
198;84;Directed;;;
108;35;Directed;;;
35;108;Directed;;;
133;198;Directed;;;
174;89;Directed;;;
108;193;Directed;;;
170;3;Directed;;;
172;3;Directed;;;
84;3;Directed;;;
84;198;Directed;;;
233;89;Directed;;;
3;133;Directed;;;
14;133;Directed;;;
89;233;Directed;;;
112;198;Directed;;;
57;178;Directed;;;
178;57;Directed;;;
57;89;Directed;;;
89;57;Directed;;;
178;89;Directed;;;
123;213;Directed;;;
170;35;Directed;;;
108;237;Directed;;;
170;163;Directed;;;
213;82;Directed;;;
28;143;Directed;;;
143;35;Directed;;;
163;133;Directed;;;
82;123;Directed;;;
35;133;Directed;;;
105;213;Directed;;;
191;45;Directed;;;
105;45;Directed;;;
198;105;Directed;;;
173;170;Directed;;;
191;188;Directed;;;
35;108;Directed;;;
133;198;Directed;;;
105;191;Directed;;;
45;173;Directed;;;
188;170;Directed;;;
154;28;Directed;;;
237;105;Directed;;;
45;142;Directed;;;
69;154;Directed;;;
82;69;Directed;;;
84;142;Directed;;;
194;84;Directed;;;
157;108;Directed;;;
142;31;Directed;;;
174;221;Directed;;;
108;194;Directed;;;
84;178;Directed;;;
198;84;Directed;;;
31;178;Directed;;;
178;84;Directed;;;
176;221;Directed;;;
84;89;Directed;;;
221;198;Directed;;;
178;108;Directed;;;
84;174;Directed;;;
90;174;Directed;;;
221;84;Directed;;;
89;90;Directed;;;
108;198;Directed;;;
84;176;Directed;;;
181;157;Directed;;;
89;181;Directed;;;
207;124;Directed;;;
102;178;Directed;;;
55;69;Directed;;;
84;35;Directed;;;
207;87;Directed;;;
35;133;Directed;;;
198;84;Directed;;;
198;87;Directed;;;
198;105;Directed;;;
133;198;Directed;;;
213;133;Directed;;;
133;207;Directed;;;
135;198;Directed;;;
124;213;Directed;;;
105;35;Directed;;;
15;135;Directed;;;
154;28;Directed;;;
178;55;Directed;;;
28;135;Directed;;;
87;35;Directed;;;
87;102;Directed;;;
154;15;Directed;;;
69;154;Directed;;;
105;3;Directed;;;
35;112;Directed;;;
105;198;Directed;;;
112;237;Directed;;;
108;133;Directed;;;
121;133;Directed;;;
35;133;Directed;;;
45;168;Directed;;;
198;84;Directed;;;
237;45;Directed;;;
198;87;Directed;;;
198;35;Directed;;;
84;19;Directed;;;
198;105;Directed;;;
191;188;Directed;;;
35;108;Directed;;;
105;121;Directed;;;
133;198;Directed;;;
57;105;Directed;;;
19;133;Directed;;;
105;35;Directed;;;
198;31;Directed;;;
188;57;Directed;;;
233;89;Directed;;;
89;191;Directed;;;
35;34;Directed;;;
87;133;Directed;;;
3;133;Directed;;;
31;36;Directed;;;
36;35;Directed;;;
168;35;Directed;;;
34;233;Directed;;;
5;111;Directed;;;
185;191;Directed;;;
170;35;Directed;;;
25;111;Directed;;;
111;25;Directed;;;
133;25;Directed;;;
133;205;Directed;;;
25;233;Directed;;;
205;87;Directed;;;
35;133;Directed;;;
213;185;Directed;;;
191;188;Directed;;;
133;207;Directed;;;
89;213;Directed;;;
54;170;Directed;;;
188;54;Directed;;;
188;60;Directed;;;
60;170;Directed;;;
233;89;Directed;;;
111;133;Directed;;;
5;133;Directed;;;
207;170;Directed;;;
170;5;Directed;;;
168;172;Directed;;;
133;129;Directed;;;
84;87;Directed;;;
84;105;Directed;;;
84;221;Directed;;;
198;84;Directed;;;
133;168;Directed;;;
198;87;Directed;;;
87;198;Directed;;;
198;105;Directed;;;
174;170;Directed;;;
133;198;Directed;;;
221;198;Directed;;;
129;57;Directed;;;
168;198;Directed;;;
105;133;Directed;;;
170;174;Directed;;;
84;168;Directed;;;
174;168;Directed;;;
105;87;Directed;;;
172;3;Directed;;;
194;198;Directed;;;
87;133;Directed;;;
168;133;Directed;;;
133;194;Directed;;;
3;133;Directed;;;
198;174;Directed;;;
168;84;Directed;;;
108;198;Directed;;;
87;108;Directed;;;
57;198;Directed;;;
35;133;Directed;;;
102;178;Directed;;;
178;71;Directed;;;
71;80;Directed;;;
142;35;Directed;;;
80;142;Directed;;;
35;80;Directed;;;
133;80;Directed;;;
35;102;Directed;;;
172;14;Directed;;;
198;170;Directed;;;
35;133;Directed;;;
224;45;Directed;;;
198;87;Directed;;;
108;172;Directed;;;
198;105;Directed;;;
191;188;Directed;;;
133;198;Directed;;;
57;105;Directed;;;
170;3;Directed;;;
105;35;Directed;;;
191;224;Directed;;;
188;57;Directed;;;
105;233;Directed;;;
233;89;Directed;;;
233;95;Directed;;;
89;191;Directed;;;
87;133;Directed;;;
3;133;Directed;;;
14;133;Directed;;;
45;108;Directed;;;
87;233;Directed;;;
95;191;Directed;;;
84;20;Directed;;;
170;163;Directed;;;
84;163;Directed;;;
163;133;Directed;;;
163;84;Directed;;;
198;84;Directed;;;
191;176;Directed;;;
105;51;Directed;;;
84;135;Directed;;;
105;170;Directed;;;
140;45;Directed;;;
198;105;Directed;;;
133;198;Directed;;;
200;105;Directed;;;
170;162;Directed;;;
45;140;Directed;;;
105;133;Directed;;;
162;133;Directed;;;
61;84;Directed;;;
170;3;Directed;;;
51;140;Directed;;;
133;170;Directed;;;
198;89;Directed;;;
140;163;Directed;;;
20;198;Directed;;;
89;191;Directed;;;
133;20;Directed;;;
3;133;Directed;;;
135;200;Directed;;;
176;61;Directed;;;
84;170;Directed;;;
163;198;Directed;;;
31;191;Directed;;;
172;14;Directed;;;
31;133;Directed;;;
14;129;Directed;;;
142;31;Directed;;;
80;150;Directed;;;
133;31;Directed;;;
150;172;Directed;;;
35;133;Directed;;;
31;80;Directed;;;
198;105;Directed;;;
150;31;Directed;;;
170;34;Directed;;;
133;198;Directed;;;
105;191;Directed;;;
133;170;Directed;;;
105;172;Directed;;;
14;133;Directed;;;
191;80;Directed;;;
80;142;Directed;;;
133;35;Directed;;;
129;80;Directed;;;
142;123;Directed;;;
123;213;Directed;;;
123;219;Directed;;;
35;225;Directed;;;
3;129;Directed;;;
79;45;Directed;;;
45;80;Directed;;;
40;35;Directed;;;
150;35;Directed;;;
115;224;Directed;;;
142;31;Directed;;;
80;150;Directed;;;
170;14;Directed;;;
98;79;Directed;;;
45;168;Directed;;;
40;123;Directed;;;
224;45;Directed;;;
45;113;Directed;;;
79;142;Directed;;;
142;0;Directed;;;
31;80;Directed;;;
35;224;Directed;;;
150;31;Directed;;;
224;188;Directed;;;
139;205;Directed;;;
219;45;Directed;;;
205;123;Directed;;;
45;79;Directed;;;
142;30;Directed;;;
225;52;Directed;;;
150;40;Directed;;;
143;40;Directed;;;
129;142;Directed;;;
188;170;Directed;;;
214;45;Directed;;;
31;3;Directed;;;
123;98;Directed;;;
31;79;Directed;;;
168;191;Directed;;;
14;139;Directed;;;
225;45;Directed;;;
113;115;Directed;;;
191;80;Directed;;;
52;80;Directed;;;
31;225;Directed;;;
213;214;Directed;;;
66;79;Directed;;;
40;66;Directed;;;
79;143;Directed;;;
52;150;Directed;;;
30;40;Directed;;;
181;111;Directed;;;
188;62;Directed;;;
181;59;Directed;;;
209;164;Directed;;;
22;84;Directed;;;
133;205;Directed;;;
119;212;Directed;;;
84;163;Directed;;;
152;102;Directed;;;
205;84;Directed;;;
163;133;Directed;;;
84;181;Directed;;;
84;22;Directed;;;
62;153;Directed;;;
90;181;Directed;;;
59;209;Directed;;;
205;208;Directed;;;
195;84;Directed;;;
164;26;Directed;;;
102;188;Directed;;;
111;133;Directed;;;
208;84;Directed;;;
84;152;Directed;;;
153;90;Directed;;;
212;209;Directed;;;
181;84;Directed;;;
26;119;Directed;;;
209;195;Directed;;;
84;133;Directed;;;
188;135;Directed;;;
5;129;Directed;;;
84;105;Directed;;;
105;198;Directed;;;
152;102;Directed;;;
237;198;Directed;;;
45;233;Directed;;;
193;237;Directed;;;
15;188;Directed;;;
176;84;Directed;;;
198;84;Directed;;;
207;117;Directed;;;
198;87;Directed;;;
176;87;Directed;;;
191;57;Directed;;;
105;225;Directed;;;
198;102;Directed;;;
198;105;Directed;;;
84;89;Directed;;;
191;188;Directed;;;
133;198;Directed;;;
135;198;Directed;;;
157;18;Directed;;;
133;207;Directed;;;
108;193;Directed;;;
170;3;Directed;;;
172;5;Directed;;;
87;176;Directed;;;
188;57;Directed;;;
28;108;Directed;;;
165;28;Directed;;;
37;108;Directed;;;
99;37;Directed;;;
18;15;Directed;;;
129;163;Directed;;;
233;89;Directed;;;
87;133;Directed;;;
198;101;Directed;;;
101;37;Directed;;;
89;191;Directed;;;
163;110;Directed;;;
57;165;Directed;;;
110;198;Directed;;;
102;69;Directed;;;
3;133;Directed;;;
225;45;Directed;;;
117;88;Directed;;;
188;84;Directed;;;
191;80;Directed;;;
80;142;Directed;;;
108;198;Directed;;;
84;170;Directed;;;
105;89;Directed;;;
87;105;Directed;;;
142;172;Directed;;;
102;99;Directed;;;
69;157;Directed;;;
165;152;Directed;;;
18;188;Directed;;;
49;142;Directed;;;
174;133;Directed;;;
170;35;Directed;;;
198;170;Directed;;;
57;170;Directed;;;
3;108;Directed;;;
133;205;Directed;;;
108;188;Directed;;;
84;233;Directed;;;
108;133;Directed;;;
174;224;Directed;;;
174;233;Directed;;;
224;45;Directed;;;
89;174;Directed;;;
198;84;Directed;;;
133;49;Directed;;;
35;133;Directed;;;
198;142;Directed;;;
198;87;Directed;;;
142;3;Directed;;;
176;84;Directed;;;
88;35;Directed;;;
61;170;Directed;;;
188;61;Directed;;;
35;108;Directed;;;
133;198;Directed;;;
45;88;Directed;;;
170;3;Directed;;;
45;170;Directed;;;
188;57;Directed;;;
233;89;Directed;;;
181;170;Directed;;;
3;133;Directed;;;
142;35;Directed;;;
205;198;Directed;;;
84;176;Directed;;;
87;181;Directed;;;
234;135;Directed;;;
94;158;Directed;;;
165;138;Directed;;;
206;94;Directed;;;
138;125;Directed;;;
135;206;Directed;;;
188;170;Directed;;;
172;234;Directed;;;
191;37;Directed;;;
94;188;Directed;;;
37;172;Directed;;;
158;191;Directed;;;
170;191;Directed;;;
191;165;Directed;;;
125;94;Directed;;;
162;133;Directed;;;
3;133;Directed;;;
142;3;Directed;;;
105;142;Directed;;;
170;3;Directed;;;
198;87;Directed;;;
129;174;Directed;;;
129;142;Directed;;;
3;129;Directed;;;
105;170;Directed;;;
198;105;Directed;;;
142;31;Directed;;;
174;186;Directed;;;
133;198;Directed;;;
108;133;Directed;;;
31;108;Directed;;;
87;162;Directed;;;
186;105;Directed;;;
225;52;Directed;;;
52;143;Directed;;;
52;142;Directed;;;
80;142;Directed;;;
31;36;Directed;;;
31;52;Directed;;;
31;225;Directed;;;
36;35;Directed;;;
31;80;Directed;;;
142;31;Directed;;;
34;131;Directed;;;
131;31;Directed;;;
35;34;Directed;;;
143;31;Directed;;;
31;191;Directed;;;
191;142;Directed;;;
31;143;Directed;;;
150;81;Directed;;;
142;80;Directed;;;
31;142;Directed;;;
143;142;Directed;;;
81;142;Directed;;;
142;150;Directed;;;
80;142;Directed;;;
56;31;Directed;;;
31;80;Directed;;;
142;31;Directed;;;
150;31;Directed;;;
80;150;Directed;;;
142;56;Directed;;;
80;31;Directed;;;
230;129;Directed;;;
198;84;Directed;;;
89;3;Directed;;;
186;84;Directed;;;
140;45;Directed;;;
129;186;Directed;;;
84;111;Directed;;;
84;89;Directed;;;
111;198;Directed;;;
84;198;Directed;;;
45;140;Directed;;;
89;140;Directed;;;
140;198;Directed;;;
3;230;Directed;;;
174;198;Directed;;;
170;174;Directed;;;
89;174;Directed;;;
198;84;Directed;;;
31;133;Directed;;;
79;142;Directed;;;
198;170;Directed;;;
170;31;Directed;;;
31;170;Directed;;;
84;89;Directed;;;
198;79;Directed;;;
142;31;Directed;;;
133;198;Directed;;;
129;186;Directed;;;
84;163;Directed;;;
31;108;Directed;;;
129;198;Directed;;;
198;200;Directed;;;
186;198;Directed;;;
198;84;Directed;;;
142;3;Directed;;;
198;142;Directed;;;
200;84;Directed;;;
163;129;Directed;;;
84;55;Directed;;;
55;43;Directed;;;
43;87;Directed;;;
108;31;Directed;;;
137;198;Directed;;;
233;89;Directed;;;
89;191;Directed;;;
198;137;Directed;;;
191;31;Directed;;;
108;198;Directed;;;
89;233;Directed;;;
3;108;Directed;;;
87;233;Directed;;;
25;35;Directed;;;
102;181;Directed;;;
163;170;Directed;;;
198;84;Directed;;;
133;61;Directed;;;
198;105;Directed;;;
35;108;Directed;;;
133;198;Directed;;;
35;111;Directed;;;
135;198;Directed;;;
61;84;Directed;;;
198;135;Directed;;;
170;3;Directed;;;
198;25;Directed;;;
137;198;Directed;;;
105;181;Directed;;;
3;133;Directed;;;
181;133;Directed;;;
105;135;Directed;;;
84;170;Directed;;;
108;137;Directed;;;
133;105;Directed;;;
111;163;Directed;;;
170;133;Directed;;;
181;102;Directed;;;
172;14;Directed;;;
31;142;Directed;;;
34;80;Directed;;;
176;225;Directed;;;
14;135;Directed;;;
176;170;Directed;;;
142;34;Directed;;;
135;80;Directed;;;
57;35;Directed;;;
170;31;Directed;;;
35;108;Directed;;;
108;233;Directed;;;
225;52;Directed;;;
34;57;Directed;;;
176;89;Directed;;;
89;176;Directed;;;
233;89;Directed;;;
52;172;Directed;;;
142;35;Directed;;;
80;142;Directed;;;
35;133;Directed;;;
57;105;Directed;;;
105;35;Directed;;;
188;57;Directed;;;
198;105;Directed;;;
105;233;Directed;;;
191;188;Directed;;;
35;108;Directed;;;
133;198;Directed;;;
108;133;Directed;;;
233;89;Directed;;;
89;191;Directed;;;
198;191;Directed;;;
129;220;Directed;;;
191;3;Directed;;;
108;170;Directed;;;
163;170;Directed;;;
198;228;Directed;;;
3;129;Directed;;;
170;108;Directed;;;
108;133;Directed;;;
198;133;Directed;;;
228;198;Directed;;;
31;178;Directed;;;
198;87;Directed;;;
57;87;Directed;;;
87;198;Directed;;;
198;105;Directed;;;
133;198;Directed;;;
232;198;Directed;;;
178;108;Directed;;;
105;133;Directed;;;
170;3;Directed;;;
87;57;Directed;;;
220;31;Directed;;;
233;89;Directed;;;
89;191;Directed;;;
87;133;Directed;;;
3;133;Directed;;;
198;232;Directed;;;
108;198;Directed;;;
133;163;Directed;;;
87;233;Directed;;;
84;133;Directed;;;
84;142;Directed;;;
133;193;Directed;;;
174;84;Directed;;;
107;0;Directed;;;
168;31;Directed;;;
84;233;Directed;;;
31;169;Directed;;;
84;178;Directed;;;
133;168;Directed;;;
198;84;Directed;;;
0;209;Directed;;;
142;0;Directed;;;
193;133;Directed;;;
233;84;Directed;;;
193;84;Directed;;;
133;198;Directed;;;
84;168;Directed;;;
84;174;Directed;;;
31;168;Directed;;;
209;193;Directed;;;
169;31;Directed;;;
0;107;Directed;;;
168;133;Directed;;;
133;84;Directed;;;
168;84;Directed;;;
178;198;Directed;;;
108;222;Directed;;;
154;142;Directed;;;
108;154;Directed;;;
108;115;Directed;;;
142;154;Directed;;;
142;115;Directed;;;
222;45;Directed;;;
45;115;Directed;;;
115;108;Directed;;;
108;210;Directed;;;
146;36;Directed;;;
80;146;Directed;;;
135;207;Directed;;;
172;14;Directed;;;
207;104;Directed;;;
131;14;Directed;;;
104;80;Directed;;;
34;80;Directed;;;
70;147;Directed;;;
34;70;Directed;;;
80;150;Directed;;;
34;57;Directed;;;
131;135;Directed;;;
34;172;Directed;;;
14;131;Directed;;;
150;57;Directed;;;
57;34;Directed;;;
147;34;Directed;;;
172;14;Directed;;;
18;23;Directed;;;
61;55;Directed;;;
194;84;Directed;;;
84;87;Directed;;;
14;129;Directed;;;
154;234;Directed;;;
31;35;Directed;;;
161;154;Directed;;;
142;31;Directed;;;
80;150;Directed;;;
34;31;Directed;;;
154;69;Directed;;;
129;198;Directed;;;
198;200;Directed;;;
23;113;Directed;;;
15;23;Directed;;;
89;186;Directed;;;
234;89;Directed;;;
115;89;Directed;;;
31;135;Directed;;;
23;18;Directed;;;
150;31;Directed;;;
23;15;Directed;;;
200;105;Directed;;;
15;157;Directed;;;
57;230;Directed;;;
105;69;Directed;;;
186;115;Directed;;;
31;34;Directed;;;
31;61;Directed;;;
113;15;Directed;;;
157;161;Directed;;;
55;64;Directed;;;
35;34;Directed;;;
89;142;Directed;;;
135;194;Directed;;;
80;142;Directed;;;
23;154;Directed;;;
105;80;Directed;;;
154;15;Directed;;;
69;154;Directed;;;
129;80;Directed;;;
230;172;Directed;;;
64;57;Directed;;;
205;106;Directed;;;
48;170;Directed;;;
80;144;Directed;;;
170;80;Directed;;;
57;35;Directed;;;
106;80;Directed;;;
225;144;Directed;;;
89;192;Directed;;;
35;233;Directed;;;
130;205;Directed;;;
89;225;Directed;;;
124;225;Directed;;;
35;89;Directed;;;
144;57;Directed;;;
32;218;Directed;;;
80;57;Directed;;;
233;89;Directed;;;
225;48;Directed;;;
144;32;Directed;;;
218;48;Directed;;;
170;124;Directed;;;
32;80;Directed;;;
192;130;Directed;;;
102;178;Directed;;;
188;135;Directed;;;
109;205;Directed;;;
207;84;Directed;;;
205;133;Directed;;;
84;154;Directed;;;
28;198;Directed;;;
28;15;Directed;;;
178;69;Directed;;;
121;133;Directed;;;
35;133;Directed;;;
84;178;Directed;;;
15;188;Directed;;;
191;57;Directed;;;
163;105;Directed;;;
198;105;Directed;;;
154;102;Directed;;;
133;198;Directed;;;
105;121;Directed;;;
57;105;Directed;;;
28;188;Directed;;;
133;207;Directed;;;
135;198;Directed;;;
12;109;Directed;;;
105;35;Directed;;;
154;28;Directed;;;
105;233;Directed;;;
233;89;Directed;;;
143;12;Directed;;;
89;191;Directed;;;
188;69;Directed;;;
69;154;Directed;;;
133;163;Directed;;;
198;143;Directed;;;
84;133;Directed;;;
163;170;Directed;;;
205;121;Directed;;;
150;35;Directed;;;
170;163;Directed;;;
133;205;Directed;;;
207;87;Directed;;;
163;133;Directed;;;
163;84;Directed;;;
121;133;Directed;;;
12;107;Directed;;;
198;84;Directed;;;
200;84;Directed;;;
170;150;Directed;;;
205;181;Directed;;;
133;198;Directed;;;
35;111;Directed;;;
5;12;Directed;;;
133;207;Directed;;;
111;112;Directed;;;
107;35;Directed;;;
112;205;Directed;;;
142;5;Directed;;;
111;133;Directed;;;
133;200;Directed;;;
181;142;Directed;;;
84;170;Directed;;;
56;44;Directed;;;
133;163;Directed;;;
87;56;Directed;;;
44;88;Directed;;;
84;133;Directed;;;
61;6;Directed;;;
3;129;Directed;;;
207;84;Directed;;;
198;170;Directed;;;
84;35;Directed;;;
11;133;Directed;;;
35;133;Directed;;;
198;84;Directed;;;
6;133;Directed;;;
133;61;Directed;;;
133;198;Directed;;;
133;207;Directed;;;
61;84;Directed;;;
129;14;Directed;;;
84;174;Directed;;;
170;3;Directed;;;
84;61;Directed;;;
14;133;Directed;;;
3;133;Directed;;;
174;170;Directed;;;
84;11;Directed;;;
84;133;Directed;;;
174;84;Directed;;;
84;105;Directed;;;
84;108;Directed;;;
108;200;Directed;;;
198;200;Directed;;;
89;174;Directed;;;
198;84;Directed;;;
84;129;Directed;;;
200;84;Directed;;;
84;19;Directed;;;
84;89;Directed;;;
84;31;Directed;;;
84;174;Directed;;;
129;84;Directed;;;
19;108;Directed;;;
108;110;Directed;;;
84;201;Directed;;;
35;34;Directed;;;
133;200;Directed;;;
110;198;Directed;;;
45;84;Directed;;;
31;36;Directed;;;
108;198;Directed;;;
174;45;Directed;;;
36;35;Directed;;;
105;89;Directed;;;
34;108;Directed;;;
201;84;Directed;;;
150;35;Directed;;;
108;191;Directed;;;
80;150;Directed;;;
35;17;Directed;;;
236;89;Directed;;;
233;221;Directed;;;
191;72;Directed;;;
25;232;Directed;;;
52;191;Directed;;;
191;142;Directed;;;
35;19;Directed;;;
72;80;Directed;;;
17;233;Directed;;;
39;25;Directed;;;
19;236;Directed;;;
221;191;Directed;;;
191;80;Directed;;;
80;142;Directed;;;
142;35;Directed;;;
89;224;Directed;;;
232;108;Directed;;;
224;52;Directed;;;
170;35;Directed;;;
198;170;Directed;;;
133;19;Directed;;;
19;198;Directed;;;
154;133;Directed;;;
198;133;Directed;;;
35;133;Directed;;;
191;225;Directed;;;
133;3;Directed;;;
35;154;Directed;;;
52;170;Directed;;;
198;105;Directed;;;
35;108;Directed;;;
133;198;Directed;;;
105;191;Directed;;;
225;52;Directed;;;
170;3;Directed;;;
105;35;Directed;;;
3;133;Directed;;;
80;142;Directed;;;
191;80;Directed;;;
142;35;Directed;;;
108;198;Directed;;;
57;165;Directed;;;
135;207;Directed;;;
165;164;Directed;;;
125;135;Directed;;;
19;125;Directed;;;
188;57;Directed;;;
164;19;Directed;;;
191;188;Directed;;;
99;233;Directed;;;
233;89;Directed;;;
89;191;Directed;;;
84;133;Directed;;;
102;178;Directed;;;
198;170;Directed;;;
115;105;Directed;;;
84;154;Directed;;;
19;198;Directed;;;
154;133;Directed;;;
178;72;Directed;;;
198;84;Directed;;;
72;69;Directed;;;
198;99;Directed;;;
178;102;Directed;;;
133;198;Directed;;;
170;3;Directed;;;
154;19;Directed;;;
133;115;Directed;;;
105;102;Directed;;;
3;133;Directed;;;
99;189;Directed;;;
69;154;Directed;;;
189;198;Directed;;;
